{
  "meta": {
    "generated_at_unix": 1783153172,
    "wall_clock_seconds": 51.806131299999834,
    "runs": 100,
    "warmup": 10,
    "seed": 0,
    "measured_on": "2026-07-04",
    "cpu": "Intel(R) Core(TM) i7-14650HX"
  },
  "results": [
    {
      "engine": "crucible",
      "backend": "cpp",
      "model": "C:\\Users\\TANMAY\\OneDrive\\Desktop\\Crucible\\models\\mobilenet_v2.onnx",
      "input_shape": [
        1,
        3,
        224,
        224
      ],
      "stats": {
        "runs": 100,
        "mean_ms": 445.8545719999529,
        "median_ms": 463.43290000004345,
        "p95_ms": 482.34599999977945,
        "p99_ms": 498.8180000000284,
        "min_ms": 379.8365000002377,
        "max_ms": 501.28399999994144,
        "throughput_inf_per_sec": 2.2428838074135653
      }
    },
    {
      "engine": "onnxruntime",
      "backend": "CPUExecutionProvider",
      "model": "C:\\Users\\TANMAY\\OneDrive\\Desktop\\Crucible\\models\\mobilenet_v2.onnx",
      "input_shape": [
        1,
        3,
        224,
        224
      ],
      "stats": {
        "runs": 100,
        "mean_ms": 1.6859290000593319,
        "median_ms": 1.6828000002533372,
        "p95_ms": 1.8319000000701635,
        "p99_ms": 1.8564000001788372,
        "min_ms": 1.5066999994814978,
        "max_ms": 1.8829999999070424,
        "throughput_inf_per_sec": 593.1447884014141
      }
    },
    {
      "engine": "pytorch",
      "backend": "torch-stub",
      "model": "tiny_convnet",
      "input_shape": [
        1,
        3,
        224,
        224
      ],
      "stats": {
        "runs": 100,
        "mean_ms": 0.5443710000236024,
        "median_ms": 0.5173500003365916,
        "p95_ms": 0.7074000004649861,
        "p99_ms": 0.8336999999301042,
        "min_ms": 0.3775999994104495,
        "max_ms": 0.8384000002479297,
        "throughput_inf_per_sec": 1836.982498988085
      }
    }
  ],
  "summary": {
    "engines": [
      "crucible",
      "onnxruntime",
      "pytorch"
    ],
    "fastest_mean": "pytorch",
    "fastest_p95": "pytorch",
    "crucible_vs_ort": 264.4563157667151,
    "crucible_vs_pytorch": 819.0270458577365,
    "ac_within_3x": false,
    "ac_ratio_limit": 3.0
  }
}
